user_id,input_text,input_tokens,output_text,output_tokens,start_time,ack_time,first_token_time,end_time,response_time,tt_ack,ttft,tpot,error_code,error_text,max_queries,max_input_tokens,max_output_tokens,load_options_concurrency,load_options_duration,plugin,plugin_options_streaming,plugin_options_model_name,extra_metadata_replicas
0,...,101,  Certainl...,95,1707859910.7502685,1707859910.934395,1707859910.9872804,1707859914.9199493,4169.680833816528,184.126615524292,237.01190948486328,41.83690345033686,,,1000,2048,1024,1,120,hf_tgi_plugin,True,Llama-2-13b-chat-hf,1
0,...,107,  Sure! Ba...,216,1707859914.9202259,1707859915.0984275,1707859915.1418393,1707859924.3262377,9406.011819839478,178.20167541503906,221.61340713500977,42.7181321521138,,,1000,2048,1024,1,120,hf_tgi_plugin,True,Llama-2-13b-chat-hf,1
0,...,54,"  ""An Even...",454,1707859924.3264675,1707859924.49399,1707859924.5375776,1707859944.0504036,19723.936080932617,167.52243041992188,211.11011505126953,43.07467100636059,,,1000,2048,1024,1,120,hf_tgi_plugin,True,Llama-2-13b-chat-hf,1
0,...,145,"  Sure, I'...",170,1707859944.0508265,1707859944.2578657,1707859944.3010783,1707859951.5050752,7454.248666763306,207.03911781311035,250.25177001953125,42.627200572448366,,,1000,2048,1024,1,120,hf_tgi_plugin,True,Llama-2-13b-chat-hf,1
0,...,59,"  Sure, I ...",39,1707859951.5053473,1707859951.6526937,1707859951.6948347,1707859953.2398598,1734.5125675201416,147.34649658203125,189.48745727539062,40.6585555327566,,,1000,2048,1024,1,120,hf_tgi_plugin,True,Llama-2-13b-chat-hf,1
0,...,132,"  Sure, I'...",173,1707859953.2401006,1707859953.4425373,1707859953.4867887,1707859960.82377,7583.669424057007,202.4366855621338,246.6881275177002,42.65686800313551,,,1000,2048,1024,1,120,hf_tgi_plugin,True,Llama-2-13b-chat-hf,1
0,...,132,"  Ooh, let...",110,1707859960.8240237,1707859961.0188217,1707859961.061687,1707859965.6708272,4846.803426742554,194.79799270629883,237.66326904296875,42.28568952017968,,,1000,2048,1024,1,120,hf_tgi_plugin,True,Llama-2-13b-chat-hf,1
0,...,112,"  Sure, I'...",643,1707859965.6710577,1707859965.848457,1707859965.8922937,1707859994.167713,28496.655225753784,177.3993968963623,221.235990524292,44.04270908914251,,,1000,2048,1024,1,120,hf_tgi_plugin,True,Llama-2-13b-chat-hf,1
0,...,71,  The ques...,17,1707859994.1679592,1707859994.3408697,1707859994.38304,1707859995.011367,843.4078693389893,172.9104518890381,215.08073806762695,39.270445704460144,,,1000,2048,1024,1,120,hf_tgi_plugin,True,Llama-2-13b-chat-hf,1
0,...,214,  Based on...,670,1707859995.0115962,1707859995.2128236,1707859995.2567413,1707860025.1544688,30142.87257194519,201.22742652893066,245.14508247375488,44.69017561953877,,,1000,2048,1024,1,120,hf_tgi_plugin,True,Llama-2-13b-chat-hf,1
0,...,145,  Based on...,454,1707860025.1548972,1707860025.360312,1707860025.4039123,1707860045.4775877,20322.69048690796,205.4147720336914,249.01509284973145,44.31274921425657,,,1000,2048,1024,1,120,hf_tgi_plugin,True,Llama-2-13b-chat-hf,1
0,<s>[INST] ...,59,"  Sure, I ...",39,1707860916.9071681,1707860917.074426,1707860917.11725,1707860919.2409654,2333.7972164154053,167.25778579711914,210.0818157196045,55.8872473867316,,,1000,2048,1024,16,120,hf_tgi_plugin,True,Llama-2-13b-chat-hf,1
0,<s>[INST] ...,151,"  No, the ...",341,1707860919.2414503,1707860919.4576166,1707860919.513292,1707860937.611855,18370.404720306396,216.16625785827637,271.84176445007324,53.23106751722448,,,1000,2048,1024,16,120,hf_tgi_plugin,True,Llama-2-13b-chat-hf,1
0,<s>[INST] ...,68,"  Sure, I'...",472,1707860937.6123183,1707860937.8063476,1707860937.865125,1707860962.8187802,25206.461906433105,194.0293312072754,252.8066635131836,52.98015975142234,,,1000,2048,1024,16,120,hf_tgi_plugin,True,Llama-2-13b-chat-hf,1
0,<s>[INST] ...,54,  Ooh ooh!...,296,1707860962.8192456,1707860963.010542,1707860963.071304,1707860978.9744256,16155.179977416992,191.29633903503418,252.0585060119629,53.90888634374586,,,1000,2048,1024,16,120,hf_tgi_plugin,True,Llama-2-13b-chat-hf,1
0,<s>[INST] ...,248,  Sure! He...,54,1707860978.9748805,1707860979.1662333,1707860979.2268167,1707860982.1301272,3155.2467346191406,191.35284423828125,251.9361972808838,54.779444100721825,,,1000,2048,1024,16,120,hf_tgi_plugin,True,Llama-2-13b-chat-hf,1
0,<s>[INST] ...,67,  Oh my go...,19,1707860982.1303737,1707860982.3091886,1707860982.3662903,1707860983.2557018,1125.3280639648438,178.81488800048828,235.9166145324707,49.41174719068739,,,1000,2048,1024,16,120,hf_tgi_plugin,True,Llama-2-13b-chat-hf,1
0,<s>[INST] ...,113,"  Sure, I'...",44,1707860983.255929,1707860983.462613,1707860983.5233488,1707860985.9125404,2656.611442565918,206.68411254882812,267.41981506347656,55.56259598842887,,,1000,2048,1024,16,120,hf_tgi_plugin,True,Llama-2-13b-chat-hf,1
0,<s>[INST] ...,74,"  Ooh, let...",317,1707860985.9127784,1707860986.1026833,1707860986.1570246,1707861001.809916,15897.137641906738,189.90492820739746,244.246244430542,49.534466447709484,,,1000,2048,1024,16,120,hf_tgi_plugin,True,Llama-2-13b-chat-hf,1
0,<s>[INST] ...,53,"  Sure, I'...",440,1707861001.8102114,1707861001.9862573,1707861002.0484834,1707861027.2070284,25396.816968917847,176.04589462280273,238.27195167541504,57.30875858141784,,,1000,2048,1024,16,120,hf_tgi_plugin,True,Llama-2-13b-chat-hf,1
0,<s>[INST] ...,225,"  Ooh, tha...",59,1707861027.2072985,1707861027.419652,1707861027.4844608,1707861030.6713696,3464.071035385132,212.35346794128418,277.1623134613037,54.94670210213497,,,1000,2048,1024,16,120,hf_tgi_plugin,True,Llama-2-13b-chat-hf,1
0,<s>[INST] ...,152,"  Sure, I'...",122,1707861030.6716096,1707861030.914607,1707861030.97919,1707861038.203395,7531.785249710083,242.997407913208,307.58047103881836,59.704171724555906,,,1000,2048,1024,16,120,hf_tgi_plugin,True,Llama-2-13b-chat-hf,1
1,<s>[INST] ...,132,"  Sure, I'...",173,1707860916.9440267,1707860917.1472843,1707860917.3105888,1707860926.1054492,9161.422491073608,203.25756072998047,366.5621280670166,51.132909087247626,,,1000,2048,1024,16,120,hf_tgi_plugin,True,Llama-2-13b-chat-hf,1
1,<s>[INST] ...,197,  The Ital...,639,1707860926.1056857,1707860926.3045495,1707860926.362562,1707860962.8702314,36764.54567909241,198.86374473571777,256.87623023986816,57.22205242766856,,,1000,2048,1024,16,120,hf_tgi_plugin,True,Llama-2-13b-chat-hf,1
1,<s>[INST] ...,127,  Title: T...,751,1707860962.8706644,1707860963.0599422,1707860963.1184053,1707861005.2366872,42366.02282524109,189.27788734436035,247.7409839630127,56.1577091217041,,,1000,2048,1024,16,120,hf_tgi_plugin,True,Llama-2-13b-chat-hf,1
1,<s>[INST] ...,203,"  Sure, I'...",194,1707861005.2371366,1707861005.4514863,1707861005.5065985,1707861015.4568284,10219.691753387451,214.34974670410156,269.46187019348145,51.55559524970969,,,1000,2048,1024,16,120,hf_tgi_plugin,True,Llama-2-13b-chat-hf,1
1,<s>[INST] ...,149,  Oh my go...,66,1707861015.4570072,1707861015.752735,1707861015.807529,1707861019.0813,3624.2928504943848,295.7277297973633,350.5218029022217,50.36570842449482,,,1000,2048,1024,16,120,hf_tgi_plugin,True,Llama-2-13b-chat-hf,1
1,<s>[INST] ...,206,  Thank yo...,494,1707861019.0815256,1707861019.3160439,1707861019.3810987,1707861046.3121626,27230.637073516846,234.51828956604004,299.5731830596924,54.62690444311796,,,1000,2048,1024,16,120,hf_tgi_plugin,True,Llama-2-13b-chat-hf,1
2,<s>[INST] ...,101,  Certainl...,95,1707860916.630371,1707860916.819195,1707860916.8543565,1707860921.6069856,4976.614475250244,188.82393836975098,223.9854335784912,50.559883422039924,,,1000,2048,1024,16,120,hf_tgi_plugin,True,Llama-2-13b-chat-hf,1
2,<s>[INST] ...,106,  As an AI...,241,1707860921.6072593,1707860921.7926283,1707860921.8480253,1707860934.3644671,12757.207870483398,185.36901473999023,240.76604843139648,52.151840925216675,,,1000,2048,1024,16,120,hf_tgi_plugin,True,Llama-2-13b-chat-hf,1
2,<s>[INST] ...,99,  As an AI...,723,1707860934.3648736,1707860934.551127,1707860934.609451,1707860974.9813206,40616.44697189331,186.25330924987793,244.57740783691406,55.91671684772354,,,1000,2048,1024,16,120,hf_tgi_plugin,True,Llama-2-13b-chat-hf,1
2,<s>[INST] ...,60,  Physical...,598,1707860974.9817703,1707860975.1624348,1707860975.2190037,1707861008.32973,33347.959756851196,180.6645393371582,237.23340034484863,55.46185319347797,,,1000,2048,1024,16,120,hf_tgi_plugin,True,Llama-2-13b-chat-hf,1
2,<s>[INST] ...,91,  Hello! I...,244,1707861008.3299868,1707861008.5176132,1707861008.5773268,1707861021.1890934,12859.106540679932,187.62636184692383,247.33996391296387,51.90027397846489,,,1000,2048,1024,16,120,hf_tgi_plugin,True,Llama-2-13b-chat-hf,1
2,<s>[INST] ...,194,"  Sure, I'...",151,1707861021.1893594,1707861021.3711898,1707861021.414596,1707861028.743283,7553.923606872559,181.83040618896484,225.2366542816162,48.85791301727295,,,1000,2048,1024,16,120,hf_tgi_plugin,True,Llama-2-13b-chat-hf,1
2,<s>[INST] ...,93,"  No, the ...",628,1707861028.7435153,1707861028.9123468,1707861028.9712124,1707861064.6262867,35882.771492004395,168.83158683776855,227.69713401794434,56.8661473014138,,,1000,2048,1024,16,120,hf_tgi_plugin,True,Llama-2-13b-chat-hf,1
3,<s>[INST] ...,131,  The corr...,375,1707860917.1343656,1707860917.3503313,1707860917.4044125,1707860936.5383227,19403.95712852478,215.96574783325195,270.0469493865967,51.1601876447545,,,1000,2048,1024,16,120,hf_tgi_plugin,True,Llama-2-13b-chat-hf,1
3,<s>[INST] ...,142,"  Sure, I'...",60,1707860936.5387378,1707860936.7375047,1707860936.7935903,1707860939.8223286,3283.590793609619,198.76694679260254,254.8525333404541,51.334546784223136,,,1000,2048,1024,16,120,hf_tgi_plugin,True,Llama-2-13b-chat-hf,1
3,<s>[INST] ...,218,  Lombardo...,465,1707860939.8225484,1707860940.0107856,1707860940.0537255,1707860964.5014322,24678.88379096985,188.23719024658203,231.17709159851074,52.68902305898995,,,1000,2048,1024,16,120,hf_tgi_plugin,True,Llama-2-13b-chat-hf,1
3,<s>[INST] ...,62,  The sent...,276,1707860964.5018368,1707860964.664939,1707860964.7207813,1707860979.494201,14992.364168167114,163.1021499633789,218.94454956054688,53.72152588584206,,,1000,2048,1024,16,120,hf_tgi_plugin,True,Llama-2-13b-chat-hf,1
3,<s>[INST] ...,102,  I cannot...,155,1707860979.4946237,1707860979.6640122,1707860979.7059593,1707860986.9405544,7445.93071937561,169.3885326385498,211.3356590270996,46.97789000226306,,,1000,2048,1024,16,120,hf_tgi_plugin,True,Llama-2-13b-chat-hf,1
3,<s>[INST] ...,106,"  Sure, I'...",133,1707860986.9407713,1707860987.146284,1707860987.2056978,1707860995.2881305,8347.35918045044,205.51276206970215,264.9264335632324,61.230551112781875,,,1000,2048,1024,16,120,hf_tgi_plugin,True,Llama-2-13b-chat-hf,1
3,<s>[INST] ...,233,  Based on...,118,1707860995.288585,1707860995.4852214,1707860995.541099,1707861001.585197,6296.612024307251,196.63643836975098,252.51412391662598,51.658956413595085,,,1000,2048,1024,16,120,hf_tgi_plugin,True,Llama-2-13b-chat-hf,1
3,<s>[INST] ...,62,"  Ah, the ...",516,1707861001.5854225,1707861001.7490761,1707861001.810463,1707861029.0474455,27462.02301979065,163.65361213684082,225.04043579101562,52.88734482330026,,,1000,2048,1024,16,120,hf_tgi_plugin,True,Llama-2-13b-chat-hf,1
3,<s>[INST] ...,131,"  Sure, I'...",131,1707861029.047868,1707861029.2548559,1707861029.3091865,1707861036.3088632,7260.995149612427,206.98785781860352,261.3184452056885,53.84366695697491,,,1000,2048,1024,16,120,hf_tgi_plugin,True,Llama-2-13b-chat-hf,1
4,<s>[INST] ...,145,"  Sure, I'...",170,1707860916.8421848,1707860917.0558114,1707860917.0986514,1707860925.853264,9011.07931137085,213.62662315368652,256.4666271209717,51.80244191863833,,,1000,2048,1024,16,120,hf_tgi_plugin,True,Llama-2-13b-chat-hf,1
4,<s>[INST] ...,74,"  Sure, I'...",431,1707860925.8534746,1707860926.0427794,1707860926.1002018,1707860947.7202713,21866.796731948853,189.30482864379883,246.72722816467285,50.27923140414926,,,1000,2048,1024,16,120,hf_tgi_plugin,True,Llama-2-13b-chat-hf,1
4,<s>[INST] ...,249,"  Sure, I'...",301,1707860947.7206726,1707860947.9123821,1707860947.9713576,1707860963.7213187,16000.646114349365,191.7095184326172,250.6849765777588,52.499870459238686,,,1000,2048,1024,16,120,hf_tgi_plugin,True,Llama-2-13b-chat-hf,1
4,<s>[INST] ...,61,"  Ooh, tha...",68,1707860963.7216976,1707860963.9133244,1707860963.9713888,1707860967.5311494,3809.4518184661865,191.62678718566895,249.69124794006348,53.13075478397199,,,1000,2048,1024,16,120,hf_tgi_plugin,True,Llama-2-13b-chat-hf,1
4,<s>[INST] ...,200,  Based on...,243,1707860967.5313818,1707860967.7321937,1707860967.7925806,1707860981.477137,13945.755243301392,200.81186294555664,261.1987590789795,56.54775406703476,,,1000,2048,1024,16,120,hf_tgi_plugin,True,Llama-2-13b-chat-hf,1
4,<s>[INST] ...,176,  Based on...,320,1707860981.4774115,1707860981.7077265,1707860981.766876,1707860998.8973844,17419.972896575928,230.3149700164795,289.46447372436523,53.70065336317104,,,1000,2048,1024,16,120,hf_tgi_plugin,True,Llama-2-13b-chat-hf,1
4,<s>[INST] ...,162,"  Sure, I'...",319,1707860998.8977263,1707860999.1073036,1707860999.1652958,1707861016.0022566,17104.530334472656,209.5773220062256,267.56954193115234,52.946417586608504,,,1000,2048,1024,16,120,hf_tgi_plugin,True,Llama-2-13b-chat-hf,1
4,<s>[INST] ...,102,"  Sure, I'...",223,1707861016.0027473,1707861016.1769333,1707861016.234412,1707861028.8924804,12889.733076095581,174.18599128723145,231.66465759277344,57.01832620947211,,,1000,2048,1024,16,120,hf_tgi_plugin,True,Llama-2-13b-chat-hf,1
4,<s>[INST] ...,63,"  Oh, like...",499,1707861028.8927681,1707861029.0914063,1707861029.1504502,1707861055.5098813,26617.11311340332,198.6382007598877,257.68208503723145,52.93058439430941,,,1000,2048,1024,16,120,hf_tgi_plugin,True,Llama-2-13b-chat-hf,1
5,<s>[INST] ...,107,"  Ooh, you...",37,1707860917.0572078,1707860917.2801719,1707860917.335615,1707860919.1393154,2082.1075439453125,222.96404838562012,278.40709686279297,50.102790196736656,,,1000,2048,1024,16,120,hf_tgi_plugin,True,Llama-2-13b-chat-hf,1
5,<s>[INST] ...,202,  I cannot...,159,1707860919.13955,1707860919.3384218,1707860919.3937314,1707860927.50932,8369.770050048828,198.87185096740723,254.1813850402832,51.36448522157307,,,1000,2048,1024,16,120,hf_tgi_plugin,True,Llama-2-13b-chat-hf,1
5,<s>[INST] ...,95,"  Sure, I'...",508,1707860927.5095465,1707860927.7032883,1707860927.7586107,1707860953.5497344,26040.18783569336,193.7417984008789,249.06420707702637,50.87006632863182,,,1000,2048,1024,16,120,hf_tgi_plugin,True,Llama-2-13b-chat-hf,1
5,<s>[INST] ...,227,  Based on...,5,1707860953.5501611,1707860953.7725666,1707860953.8345635,1707860954.0025108,452.3496627807617,222.40543365478516,284.40237045288086,41.986823081970215,,,1000,2048,1024,16,120,hf_tgi_plugin,True,Llama-2-13b-chat-hf,1
5,<s>[INST] ...,132,"  Sure, I'...",217,1707860954.0027237,1707860954.2288308,1707860954.28762,1707860966.087033,12084.309339523315,226.10712051391602,284.8963737487793,54.626911878585815,,,1000,2048,1024,16,120,hf_tgi_plugin,True,Llama-2-13b-chat-hf,1
5,<s>[INST] ...,86,"  Sure, I'...",462,1707860966.0872772,1707860966.3042383,1707860966.3648915,1707860992.408863,26321.58589363098,216.96114540100098,277.6143550872803,56.49451526799068,,,1000,2048,1024,16,120,hf_tgi_plugin,True,Llama-2-13b-chat-hf,1
5,<s>[INST] ...,134,"  Sure, I'...",258,1707860992.4092963,1707860992.637815,1707860992.692443,1707861005.9071555,13497.859239578247,228.51872444152832,283.14661979675293,51.41911525206807,,,1000,2048,1024,16,120,hf_tgi_plugin,True,Llama-2-13b-chat-hf,1
5,<s>[INST] ...,208,  Based on...,86,1707861005.9075754,1707861006.1403284,1707861006.1971204,1707861010.853334,4945.758581161499,232.75303840637207,289.54505920410156,54.7789826112635,,,1000,2048,1024,16,120,hf_tgi_plugin,True,Llama-2-13b-chat-hf,1
5,<s>[INST] ...,215,  I cannot...,485,1707861010.8535612,1707861011.052812,1707861011.1141891,1707861035.9170363,25063.475131988525,199.2509365081787,260.62798500061035,51.2455519565866,,,1000,2048,1024,16,120,hf_tgi_plugin,True,Llama-2-13b-chat-hf,1
5,<s>[INST] ...,102,"  Sure, I'...",598,1707861035.917511,1707861036.1349542,1707861036.1957364,1707861069.2803257,33362.8146648407,217.44322776794434,278.2254219055176,55.41807243372727,,,1000,2048,1024,16,120,hf_tgi_plugin,True,Llama-2-13b-chat-hf,1
6,<s>[INST] ...,213,"  Sure, I'...",246,1707860917.1492956,1707860917.3400576,1707860917.3950887,1707860930.1814566,13032.160997390747,190.76204299926758,245.79310417175293,52.189256707016305,,,1000,2048,1024,16,120,hf_tgi_plugin,True,Llama-2-13b-chat-hf,1
6,<s>[INST] ...,68,"  Sure, I'...",70,1707860930.1816845,1707860930.3674407,1707860930.4218633,1707860933.852899,3671.2145805358887,185.75620651245117,240.17882347106934,49.72515589949013,,,1000,2048,1024,16,120,hf_tgi_plugin,True,Llama-2-13b-chat-hf,1
6,<s>[INST] ...,194,"  Sure, I'...",284,1707860933.8531451,1707860934.0475686,1707860934.1111343,1707860951.0950537,17241.90855026245,194.42343711853027,257.98916816711426,60.013849406697304,,,1000,2048,1024,16,120,hf_tgi_plugin,True,Llama-2-13b-chat-hf,1
6,<s>[INST] ...,228,  The sent...,98,1707860951.0955105,1707860951.3420584,1707860951.411886,1707860957.2316136,6136.10315322876,246.54793739318848,316.3754940032959,59.99719236314911,,,1000,2048,1024,16,120,hf_tgi_plugin,True,Llama-2-13b-chat-hf,1
6,<s>[INST] ...,207,"  Sure, I'...",446,1707860957.2320538,1707860957.47465,1707860957.5425618,1707860982.7575269,25525.47311782837,242.59614944458008,310.50801277160645,56.662842932711825,,,1000,2048,1024,16,120,hf_tgi_plugin,True,Llama-2-13b-chat-hf,1
6,<s>[INST] ...,53,"  Ooh, let...",147,1707860982.757944,1707860983.741218,1707860983.797503,1707860991.547571,8789.626836776733,983.273983001709,1039.5588874816895,53.08265718695235,,,1000,2048,1024,16,120,hf_tgi_plugin,True,Llama-2-13b-chat-hf,1
6,<s>[INST] ...,71,  Sure! He...,119,1707860991.5477986,1707860991.7623887,1707860991.83358,1707860999.0617723,7513.973712921143,214.59007263183594,285.7813835144043,61.25586719836219,,,1000,2048,1024,16,120,hf_tgi_plugin,True,Llama-2-13b-chat-hf,1
6,<s>[INST] ...,73,  Sure! I'...,771,1707860999.062003,1707860999.2729726,1707860999.3313503,1707861043.7051358,44643.13292503357,210.9696865081787,269.3474292755127,57.62829285163384,,,1000,2048,1024,16,120,hf_tgi_plugin,True,Llama-2-13b-chat-hf,1
7,<s>[INST] ...,214,  Based on...,670,1707860917.049578,1707860917.273408,1707860917.3286166,1707860955.681055,38631.47711753845,223.829984664917,279.038667678833,57.32800964104577,,,1000,2048,1024,16,120,hf_tgi_plugin,True,Llama-2-13b-chat-hf,1
7,<s>[INST] ...,118,"  Sure, I'...",219,1707860955.6815288,1707860955.89355,1707860955.9515388,1707860967.9394102,12257.88140296936,212.0211124420166,270.00999450683594,54.99023581863543,,,1000,2048,1024,16,120,hf_tgi_plugin,True,Llama-2-13b-chat-hf,1
7,<s>[INST] ...,77,"  Sure, I'...",592,1707860967.939658,1707860968.1293044,1707860968.1880343,1707860998.4192593,30479.60138320923,189.64648246765137,248.37636947631836,51.15266499785602,,,1000,2048,1024,16,120,hf_tgi_plugin,True,Llama-2-13b-chat-hf,1
7,<s>[INST] ...,160,"  Sure, I'...",90,1707860998.4196837,1707860998.6283448,1707860998.6851778,1707861003.3323338,4912.650108337402,208.66107940673828,265.49410820007324,52.2152359565992,,,1000,2048,1024,16,120,hf_tgi_plugin,True,Llama-2-13b-chat-hf,1
7,<s>[INST] ...,98,  This is ...,171,1707861003.33256,1707861003.5072432,1707861003.5699692,1707861013.18693,9854.36987876892,174.6830940246582,237.40911483764648,56.57035743488985,,,1000,2048,1024,16,120,hf_tgi_plugin,True,Llama-2-13b-chat-hf,1
7,<s>[INST] ...,102,"  Sure, I'...",177,1707861013.1872013,1707861013.3777983,1707861013.4427984,1707861023.6541495,10466.94827079773,190.5970573425293,255.59711456298828,58.019040660424665,,,1000,2048,1024,16,120,hf_tgi_plugin,True,Llama-2-13b-chat-hf,1
7,<s>[INST] ...,101,  Oh my go...,93,1707861023.6543958,1707861023.8632348,1707861023.9225063,1707861028.6528122,4998.416423797607,208.83893966674805,268.1105136871338,51.41636858815732,,,1000,2048,1024,16,120,hf_tgi_plugin,True,Llama-2-13b-chat-hf,1
7,<s>[INST] ...,204,"  Ooh, let...",11,1707861028.6530313,1707861028.8398664,1707861028.883373,1707861029.2700014,616.9700622558594,186.83505058288574,230.34167289733887,38.66283893585205,,,1000,2048,1024,16,120,hf_tgi_plugin,True,Llama-2-13b-chat-hf,1
7,<s>[INST] ...,127,"  Sure, I'...",75,1707861029.2702296,1707861029.4456985,1707861029.4882314,1707861032.608462,3338.2325172424316,175.46892166137695,218.0018424987793,42.165279388427734,,,1000,2048,1024,16,120,hf_tgi_plugin,True,Llama-2-13b-chat-hf,1
7,<s>[INST] ...,143,  As an AI...,348,1707861032.6086946,1707861032.85301,1707861032.9187784,1707861050.902592,18293.8973903656,244.31538581848145,310.08386611938477,51.826551943072666,,,1000,2048,1024,16,120,hf_tgi_plugin,True,Llama-2-13b-chat-hf,1
8,<s>[INST] ...,145,  Based on...,454,1707860917.0540242,1707860917.2572367,1707860917.3013477,1707860941.1995919,24145.567655563354,203.21249961853027,247.32351303100586,52.75550583340474,,,1000,2048,1024,16,120,hf_tgi_plugin,True,Llama-2-13b-chat-hf,1
8,<s>[INST] ...,133,"  Sure, I'...",209,1707860941.2000191,1707860941.4270594,1707860941.4860373,1707860952.3742044,11174.185276031494,227.04029083251953,286.01813316345215,52.34695741763482,,,1000,2048,1024,16,120,hf_tgi_plugin,True,Llama-2-13b-chat-hf,1
8,<s>[INST] ...,180,  Certainl...,407,1707860952.3744369,1707860952.5793617,1707860952.6237836,1707860973.1856015,20811.164617538452,204.9248218536377,249.34673309326172,50.64487163656451,,,1000,2048,1024,16,120,hf_tgi_plugin,True,Llama-2-13b-chat-hf,1
8,<s>[INST] ...,226,"  Sure, I'...",55,1707860973.1860247,1707860973.4057443,1707860973.4645329,1707860976.332004,3145.979404449463,219.71964836120605,278.50818634033203,53.10131885387279,,,1000,2048,1024,16,120,hf_tgi_plugin,True,Llama-2-13b-chat-hf,1
8,<s>[INST] ...,168,  The sent...,77,1707860976.3322756,1707860976.554043,1707860976.6153314,1707860980.820995,4488.719463348389,221.76742553710938,283.05578231811523,55.33768001355623,,,1000,2048,1024,16,120,hf_tgi_plugin,True,Llama-2-13b-chat-hf,1
8,<s>[INST] ...,163,"  Sure, I'...",493,1707860980.8212662,1707860981.0239837,1707860981.0875003,1707861006.7766566,25955.390453338623,202.71754264831543,266.2341594696045,52.213732304611824,,,1000,2048,1024,16,120,hf_tgi_plugin,True,Llama-2-13b-chat-hf,1
8,<s>[INST] ...,82,  Based on...,67,1707861006.777107,1707861006.9694667,1707861007.027034,1707861010.4847107,3707.603693008423,192.35968589782715,249.92704391479492,52.38904013778224,,,1000,2048,1024,16,120,hf_tgi_plugin,True,Llama-2-13b-chat-hf,1
8,<s>[INST] ...,53,"  Sure, I'...",337,1707861010.4849472,1707861010.676414,1707861010.7365243,1707861027.820837,17335.88981628418,191.4668083190918,251.57713890075684,50.846168682688756,,,1000,2048,1024,16,120,hf_tgi_plugin,True,Llama-2-13b-chat-hf,1
8,<s>[INST] ...,116,"  No, the ...",399,1707861027.8213,1707861028.0130243,1707861028.075201,1707861050.1745844,22353.28435897827,191.72430038452148,253.90100479125977,55.52608882961561,,,1000,2048,1024,16,120,hf_tgi_plugin,True,Llama-2-13b-chat-hf,1
9,<s>[INST] ...,54,"  ""An Even...",454,1707860916.8321784,1707860917.0071898,1707860917.0493524,1707860938.5513172,21719.138860702515,175.01139640808105,217.17405319213867,47.4657059768441,,,1000,2048,1024,16,120,hf_tgi_plugin,True,Llama-2-13b-chat-hf,1
9,<s>[INST] ...,193,"  Sure, I'...",93,1707860938.5517495,1707860938.756468,1707860938.81183,1707860943.430209,4878.459453582764,204.71858978271484,260.08057594299316,50.19977040912794,,,1000,2048,1024,16,120,hf_tgi_plugin,True,Llama-2-13b-chat-hf,1
9,<s>[INST] ...,55,  As an AI...,620,1707860943.4304883,1707860943.5855355,1707860943.6425807,1707860975.0546741,31624.185800552368,155.04717826843262,212.09239959716797,50.7465159950811,,,1000,2048,1024,16,120,hf_tgi_plugin,True,Llama-2-13b-chat-hf,1
9,<s>[INST] ...,85,  Certainl...,183,1707860975.0551577,1707860975.2400966,1707860975.2973034,1707860985.5720425,10516.884803771973,184.93890762329102,242.14577674865723,56.45461003858964,,,1000,2048,1024,16,120,hf_tgi_plugin,True,Llama-2-13b-chat-hf,1
9,<s>[INST] ...,91,"  Sure, I'...",129,1707860985.572282,1707860985.7450736,1707860985.7882977,1707860992.2770476,6704.765558242798,172.7914810180664,216.01557731628418,50.69335922598839,,,1000,2048,1024,16,120,hf_tgi_plugin,True,Llama-2-13b-chat-hf,1
9,<s>[INST] ...,61,"  Sure, I'...",904,1707860992.2772803,1707860992.4325068,1707860992.4763527,1707861040.8917062,48614.42589759827,155.226469039917,199.07236099243164,53.616116873317644,,,1000,2048,1024,16,120,hf_tgi_plugin,True,Llama-2-13b-chat-hf,1
10,<s>[INST] ...,71,  The ques...,17,1707860917.032359,1707860917.2562225,1707860917.3113513,1707860918.0672503,1034.8913669586182,223.8636016845703,278.9924144744873,47.24368453025818,,,1000,2048,1024,16,120,hf_tgi_plugin,True,Llama-2-13b-chat-hf,1
10,<s>[INST] ...,61,  Certainl...,304,1707860918.0674858,1707860918.2288146,1707860918.2843382,1707860933.6202211,15552.735328674316,161.32879257202148,216.85242652893066,50.61347492457223,,,1000,2048,1024,16,120,hf_tgi_plugin,True,Llama-2-13b-chat-hf,1
10,<s>[INST] ...,63,"  Ooh, you...",57,1707860933.6206455,1707860933.7856433,1707860933.840894,1707860936.6752717,3054.626226425171,164.99781608581543,220.24846076965332,50.613888672419954,,,1000,2048,1024,16,120,hf_tgi_plugin,True,Llama-2-13b-chat-hf,1
10,<s>[INST] ...,147,"  No, the ...",124,1707860936.6755624,1707860936.875457,1707860936.9185424,1707860942.97324,6297.677516937256,199.89466667175293,242.9800033569336,49.225183037238395,,,1000,2048,1024,16,120,hf_tgi_plugin,True,Llama-2-13b-chat-hf,1
10,<s>[INST] ...,61,"  Ah, a qu...",513,1707860942.9734678,1707860943.1624062,1707860943.219775,1707860971.3384717,28365.00382423401,188.93837928771973,246.3071346282959,54.91932947188616,,,1000,2048,1024,16,120,hf_tgi_plugin,True,Llama-2-13b-chat-hf,1
10,<s>[INST] ...,239,  Based on...,348,1707860971.3389058,1707860971.5353456,1707860971.5801687,1707860990.1458867,18806.980848312378,196.4397430419922,241.26291275024414,53.50350990075543,,,1000,2048,1024,16,120,hf_tgi_plugin,True,Llama-2-13b-chat-hf,1
10,<s>[INST] ...,88,  As a res...,378,1707860990.1463368,1707860990.346078,1707860990.4031684,1707861010.6656883,20519.351482391357,199.74112510681152,256.8316459655762,53.74673696664664,,,1000,2048,1024,16,120,hf_tgi_plugin,True,Llama-2-13b-chat-hf,1
10,<s>[INST] ...,56,  OH MY GO...,63,1707861010.665951,1707861011.7978027,1707861011.8624465,1707861015.4500368,4784.085750579834,1131.8516731262207,1196.495532989502,57.864358348231164,,,1000,2048,1024,16,120,hf_tgi_plugin,True,Llama-2-13b-chat-hf,1
10,<s>[INST] ...,76,  Sure! I'...,537,1707861015.4502797,1707861015.6341372,1707861015.8082328,1707861043.1392524,27688.97271156311,183.85744094848633,357.9530715942383,50.990708283524015,,,1000,2048,1024,16,120,hf_tgi_plugin,True,Llama-2-13b-chat-hf,1
11,<s>[INST] ...,112,"  Sure, I'...",643,1707860916.9874783,1707860917.2801669,1707860917.3355992,1707860953.0910757,36103.59740257263,292.68860816955566,348.12092781066895,55.693888589971905,,,1000,2048,1024,16,120,hf_tgi_plugin,True,Llama-2-13b-chat-hf,1
11,<s>[INST] ...,229,  Based on...,380,1707860953.0915675,1707860953.308559,1707860953.3747263,1707860973.6935563,20601.988792419434,216.99142456054688,283.1587791442871,53.61168868938034,,,1000,2048,1024,16,120,hf_tgi_plugin,True,Llama-2-13b-chat-hf,1
11,<s>[INST] ...,109,  As an AI...,152,1707860973.6938624,1707860973.8723633,1707860973.940409,1707860982.48141,8787.547588348389,178.50089073181152,246.54650688171387,56.56292106931573,,,1000,2048,1024,16,120,hf_tgi_plugin,True,Llama-2-13b-chat-hf,1
11,<s>[INST] ...,122,  As an AI...,379,1707860982.4816608,1707860982.687295,1707860982.7419121,1707861003.1576695,20676.008701324463,205.63411712646484,260.2512836456299,54.009940258409614,,,1000,2048,1024,16,120,hf_tgi_plugin,True,Llama-2-13b-chat-hf,1
11,<s>[INST] ...,148,  Title: T...,700,1707861003.1581175,1707861003.3519547,1707861003.3945658,1707861041.5433953,38385.27774810791,193.83716583251953,236.4482879638672,54.576293934397775,,,1000,2048,1024,16,120,hf_tgi_plugin,True,Llama-2-13b-chat-hf,1
12,<s>[INST] ...,118,  Hello! I...,493,1707860917.1193516,1707860918.3435488,1707860918.4002714,1707860945.8642828,28744.9312210083,1224.1971492767334,1280.9197902679443,55.82116144459422,,,1000,2048,1024,16,120,hf_tgi_plugin,True,Llama-2-13b-chat-hf,1
12,<s>[INST] ...,97,  Sure! He...,189,1707860945.8647704,1707860946.078888,1707860946.139992,1707860955.8290985,9964.328050613403,214.11752700805664,275.221586227417,51.537800342478654,,,1000,2048,1024,16,120,hf_tgi_plugin,True,Llama-2-13b-chat-hf,1
12,<s>[INST] ...,107,"  Sure, I'...",542,1707860955.8293247,1707860956.0402274,1707860956.0985794,1707860985.6810555,29851.730823516846,210.90269088745117,269.2546844482422,54.681101920644366,,,1000,2048,1024,16,120,hf_tgi_plugin,True,Llama-2-13b-chat-hf,1
12,<s>[INST] ...,129,  Title: T...,659,1707860985.681528,1707860985.8914049,1707860985.9488716,1707861020.7213173,35039.7891998291,209.87677574157715,267.34352111816406,52.845662125700514,,,1000,2048,1024,16,120,hf_tgi_plugin,True,Llama-2-13b-chat-hf,1
12,<s>[INST] ...,54,  Certainl...,773,1707861020.7217095,1707861020.9025514,1707861020.9623685,1707861058.508432,37786.72242164612,180.84192276000977,240.65899848937988,48.63479718025484,,,1000,2048,1024,16,120,hf_tgi_plugin,True,Llama-2-13b-chat-hf,1
13,<s>[INST] ...,167,"  Sure, I'...",482,1707860917.1132014,1707860917.3424973,1707860917.397476,1707860942.1456816,25032.480239868164,229.2959690093994,284.2745780944824,51.451571022398504,,,1000,2048,1024,16,120,hf_tgi_plugin,True,Llama-2-13b-chat-hf,1
13,<s>[INST] ...,222,  The prod...,113,1707860942.1461713,1707860942.3375876,1707860942.3942213,1707860948.2988107,6152.639389038086,191.41626358032227,248.04997444152832,52.71954834461212,,,1000,2048,1024,16,120,hf_tgi_plugin,True,Llama-2-13b-chat-hf,1
13,<s>[INST] ...,247,  Hey ther...,201,1707860948.299269,1707860948.492424,1707860948.5590124,1707860960.3339567,12034.687757492065,193.15505027770996,259.74345207214355,58.87472152709961,,,1000,2048,1024,16,120,hf_tgi_plugin,True,Llama-2-13b-chat-hf,1
13,<s>[INST] ...,57,  OH MY OH...,337,1707860960.3342123,1707860960.4962814,1707860960.5535932,1707860978.697641,18363.428592681885,162.06908226013184,219.38085556030273,54.000142074766615,,,1000,2048,1024,16,120,hf_tgi_plugin,True,Llama-2-13b-chat-hf,1
13,<s>[INST] ...,226,  Based on...,10,1707860978.6980648,1707860978.9240246,1707860978.9802654,1707860979.3977299,699.6650695800781,225.95977783203125,282.20057487487793,46.384943856133354,,,1000,2048,1024,16,120,hf_tgi_plugin,True,Llama-2-13b-chat-hf,1
13,<s>[INST] ...,76,"  Ah, the ...",655,1707860979.3979566,1707860979.5806046,1707860979.6418383,1707861014.9100363,35512.07971572876,182.6479434967041,243.8817024230957,53.926908277225785,,,1000,2048,1024,16,120,hf_tgi_plugin,True,Llama-2-13b-chat-hf,1
13,<s>[INST] ...,185,"  Sure, I'...",291,1707861014.9104857,1707861015.1406903,1707861015.199439,1707861031.5090098,16598.52409362793,230.20458221435547,288.9533042907715,56.239899273576405,,,1000,2048,1024,16,120,hf_tgi_plugin,True,Llama-2-13b-chat-hf,1
13,<s>[INST] ...,231,  One sign...,570,1707861031.5094798,1707861031.7079115,1707861031.7649276,1707861064.2236743,32714.194536209106,198.43173027038574,255.4478645324707,57.04524898361447,,,1000,2048,1024,16,120,hf_tgi_plugin,True,Llama-2-13b-chat-hf,1
14,<s>[INST] ...,107,  Sure! Ba...,216,1707860916.616801,1707860916.8011973,1707860916.8541849,1707860927.9324427,11315.641641616821,184.39626693725586,237.38384246826172,51.52678046115609,,,1000,2048,1024,16,120,hf_tgi_plugin,True,Llama-2-13b-chat-hf,1
14,<s>[INST] ...,56,  Certainl...,97,1707860927.9326718,1707860928.0922022,1707860928.1511822,1707860933.377355,5444.683313369751,159.5304012298584,218.51038932800293,54.43930129210154,,,1000,2048,1024,16,120,hf_tgi_plugin,True,Llama-2-13b-chat-hf,1
14,<s>[INST] ...,154,  Sure! Ba...,26,1707860933.3776166,1707860933.6074586,1707860933.66545,1707860934.939515,1561.8984699249268,229.841947555542,287.83345222473145,50.96260070800781,,,1000,2048,1024,16,120,hf_tgi_plugin,True,Llama-2-13b-chat-hf,1
14,<s>[INST] ...,85,  Hey ther...,335,1707860934.939734,1707860935.6898627,1707860935.752338,1707860954.0652263,19125.492334365845,750.1287460327148,812.6039505004883,54.829007137321426,,,1000,2048,1024,16,120,hf_tgi_plugin,True,Llama-2-13b-chat-hf,1
14,<s>[INST] ...,61,"  Ah, the ...",521,1707860954.0656528,1707860954.2453718,1707860954.3039796,1707860982.587507,28521.854162216187,179.7189712524414,238.3267879486084,54.39139879666842,,,1000,2048,1024,16,120,hf_tgi_plugin,True,Llama-2-13b-chat-hf,1
14,<s>[INST] ...,61,"  Sure, I'...",61,1707860982.5879335,1707860982.7804148,1707860982.8441994,1707860986.2502353,3662.301778793335,192.48127937316895,256.26587867736816,56.76726500193278,,,1000,2048,1024,16,120,hf_tgi_plugin,True,Llama-2-13b-chat-hf,1
14,<s>[INST] ...,103,"  Ooh, I k...",22,1707860986.2504704,1707860986.449254,1707860986.5114517,1707860987.6692572,1418.7867641448975,198.78363609313965,260.98132133483887,55.13359251476469,,,1000,2048,1024,16,120,hf_tgi_plugin,True,Llama-2-13b-chat-hf,1
14,<s>[INST] ...,77,"  Ah, the ...",529,1707860987.6694849,1707860988.2945902,1707860988.3586235,1707861018.5292563,30859.771490097046,625.1053810119629,689.138650894165,57.14135007424788,,,1000,2048,1024,16,120,hf_tgi_plugin,True,Llama-2-13b-chat-hf,1
14,<s>[INST] ...,233,  The stor...,495,1707861018.529526,1707861018.7594042,1707861018.817301,1707861043.318201,24788.67506980896,229.87818717956543,287.77503967285156,49.596963623757304,,,1000,2048,1024,16,120,hf_tgi_plugin,True,Llama-2-13b-chat-hf,1
15,<s>[INST] ...,132,"  Ooh, let...",110,1707860916.957526,1707860917.157982,1707860917.33425,1707860922.8778634,5920.337438583374,200.4561424255371,376.7240047454834,50.85883884254945,,,1000,2048,1024,16,120,hf_tgi_plugin,True,Llama-2-13b-chat-hf,1
15,<s>[INST] ...,254,"  Sure, I'...",378,1707860922.878114,1707860923.0838275,1707860923.1393557,1707860944.09745,21219.33603286743,205.71351051330566,261.2416744232178,55.59176222398996,,,1000,2048,1024,16,120,hf_tgi_plugin,True,Llama-2-13b-chat-hf,1
15,<s>[INST] ...,132,"  Sure, I'...",346,1707860944.097861,1707860944.3360503,1707860944.408556,1707860964.6935947,20595.733642578125,238.1892204284668,310.69493293762207,58.79721365113189,,,1000,2048,1024,16,120,hf_tgi_plugin,True,Llama-2-13b-chat-hf,1
15,<s>[INST] ...,85,"  Sure, I'...",195,1707860964.6940184,1707860964.9103463,1707860964.9714088,1707860975.9452457,11251.227378845215,216.32790565490723,277.3904800415039,56.566169581462425,,,1000,2048,1024,16,120,hf_tgi_plugin,True,Llama-2-13b-chat-hf,1
15,<s>[INST] ...,70,  I apolog...,127,1707860975.9454806,1707860976.1279268,1707860976.1887887,1707860983.3970025,7451.521873474121,182.44624137878418,243.30806732177734,57.20804608057416,,,1000,2048,1024,16,120,hf_tgi_plugin,True,Llama-2-13b-chat-hf,1
15,<s>[INST] ...,154,"  Sure, I'...",125,1707860983.3972714,1707860983.621548,1707860983.6909719,1707860989.533641,6136.369705200195,224.27654266357422,293.7004566192627,47.118300391781716,,,1000,2048,1024,16,120,hf_tgi_plugin,True,Llama-2-13b-chat-hf,1
15,<s>[INST] ...,73,"  Ah, hell...",438,1707860989.5338786,1707860989.7352815,1707860989.7986104,1707861013.7854674,24251.588821411133,201.4029026031494,264.73188400268555,54.889832808714985,,,1000,2048,1024,16,120,hf_tgi_plugin,True,Llama-2-13b-chat-hf,1
15,<s>[INST] ...,69,  OH OH! *...,52,1707861013.7857332,1707861014.50745,1707861014.5691102,1707861017.4391305,3653.39732170105,721.7168807983398,783.376932144165,56.274909599154604,,,1000,2048,1024,16,120,hf_tgi_plugin,True,Llama-2-13b-chat-hf,1
15,<s>[INST] ...,146,  Title: K...,607,1707861017.4393735,1707861017.6469383,1707861017.706881,1707861050.127371,32687.997579574585,207.5648307800293,267.50755310058594,53.499158459528054,,,1000,2048,1024,16,120,hf_tgi_plugin,True,Llama-2-13b-chat-hf,1
0,<s>[INST] ...,101,  Certainl...,95,1707860631.6943998,1707860631.8710418,1707860631.9139366,1707860635.843343,4148.943185806274,176.64194107055664,219.53678131103516,41.802195792502545,,,1000,2048,1024,8,120,hf_tgi_plugin,True,Llama-2-13b-chat-hf,1
0,<s>[INST] ...,145,  Based on...,454,1707860635.8435745,1707860636.0444314,1707860636.087861,1707860659.1622348,23318.660259246826,200.85692405700684,244.28653717041016,50.936807333502024,,,1000,2048,1024,8,120,hf_tgi_plugin,True,Llama-2-13b-chat-hf,1
0,<s>[INST] ...,151,"  No, the ...",296,1707860659.162764,1707860659.3662646,1707860659.4105296,1707860672.252214,13089.449882507324,203.50050926208496,247.76554107666016,43.531133360781915,,,1000,2048,1024,8,120,hf_tgi_plugin,True,Llama-2-13b-chat-hf,1
0,<s>[INST] ...,99,  As an AI...,723,1707860672.2526326,1707860672.4366,1707860672.4975324,1707860707.3526282,35099.995613098145,183.96735191345215,244.89974975585938,48.27575604341037,,,1000,2048,1024,8,120,hf_tgi_plugin,True,Llama-2-13b-chat-hf,1
0,<s>[INST] ...,229,  Based on...,380,1707860707.3530543,1707860707.5784857,1707860707.650358,1707860727.3381822,19985.127925872803,225.4314422607422,297.3036766052246,51.94676582920205,,,1000,2048,1024,8,120,hf_tgi_plugin,True,Llama-2-13b-chat-hf,1
0,<s>[INST] ...,62,  The sent...,276,1707860727.3386104,1707860727.4939601,1707860727.5398366,1707860740.5778255,13239.21513557434,155.3497314453125,201.22623443603516,47.41086873141202,,,1000,2048,1024,8,120,hf_tgi_plugin,True,Llama-2-13b-chat-hf,1
0,<s>[INST] ...,85,  Certainl...,183,1707860740.5782843,1707860740.7553086,1707860740.801273,1707860748.5089467,7930.662393569946,177.02436447143555,222.98884391784668,42.34985466841813,,,1000,2048,1024,8,120,hf_tgi_plugin,True,Llama-2-13b-chat-hf,1
0,<s>[INST] ...,168,  The sent...,77,1707860748.5092344,1707860748.7327616,1707860748.7890277,1707860752.8729575,4363.723039627075,223.527193069458,279.79326248168945,53.73591812033402,,,1000,2048,1024,8,120,hf_tgi_plugin,True,Llama-2-13b-chat-hf,1
1,<s>[INST] ...,145,"  Sure, I'...",170,1707860631.714601,1707860631.9170907,1707860631.9609022,1707860639.570967,7856.365919113159,202.48961448669434,246.30117416381836,45.02996890502568,,,1000,2048,1024,8,120,hf_tgi_plugin,True,Llama-2-13b-chat-hf,1
1,<s>[INST] ...,167,"  Sure, I'...",482,1707860639.571211,1707860639.7704308,1707860639.8137438,1707860663.0663855,23495.174407958984,199.2197036743164,242.53273010253906,48.34229039055394,,,1000,2048,1024,8,120,hf_tgi_plugin,True,Llama-2-13b-chat-hf,1
1,<s>[INST] ...,74,"  Sure, I'...",431,1707860663.066877,1707860663.246395,1707860663.2883656,1707860684.8206131,21753.7362575531,179.5182228088379,221.48871421813965,50.07499428682549,,,1000,2048,1024,8,120,hf_tgi_plugin,True,Llama-2-13b-chat-hf,1
1,<s>[INST] ...,218,  Lombardo...,400,1707860684.821038,1707860685.0177917,1707860685.061679,1707860704.2431903,19422.152280807495,196.75374031066895,240.64087867736816,48.073963413859964,,,1000,2048,1024,8,120,hf_tgi_plugin,True,Llama-2-13b-chat-hf,1
1,<s>[INST] ...,247,  Hey ther...,201,1707860704.2436256,1707860704.4459941,1707860704.5042505,1707860714.7050629,10461.437225341797,202.36849784851074,260.62488555908203,51.004061698913574,,,1000,2048,1024,8,120,hf_tgi_plugin,True,Llama-2-13b-chat-hf,1
1,<s>[INST] ...,207,"  Sure, I'...",446,1707860714.70556,1707860714.915323,1707860714.9728074,1707860737.5529315,22847.371578216553,209.7630500793457,267.24743843078613,50.74185199951857,,,1000,2048,1024,8,120,hf_tgi_plugin,True,Llama-2-13b-chat-hf,1
1,<s>[INST] ...,226,"  Sure, I'...",55,1707860737.5534008,1707860737.750345,1707860737.8067544,1707860740.5640197,3010.6189250946045,196.9442367553711,253.35359573364258,51.06046906224004,,,1000,2048,1024,8,120,hf_tgi_plugin,True,Llama-2-13b-chat-hf,1
1,<s>[INST] ...,60,  Physical...,598,1707860740.564217,1707860740.7251105,1707860740.7688293,1707860770.929496,30365.278959274292,160.89344024658203,204.61225509643555,50.52037973899139,,,1000,2048,1024,8,120,hf_tgi_plugin,True,Llama-2-13b-chat-hf,1
2,<s>[INST] ...,112,"  Sure, I'...",643,1707860631.7388616,1707860632.0883293,1707860632.1442857,1707860666.1751692,34436.30766868591,349.4677543640137,405.4241180419922,53.00760677670392,,,1000,2048,1024,8,120,hf_tgi_plugin,True,Llama-2-13b-chat-hf,1
2,<s>[INST] ...,56,  Certainl...,97,1707860666.175602,1707860666.32615,1707860666.3684125,1707860670.3702025,4194.600582122803,150.54798126220703,192.8105354309082,41.6853129863739,,,1000,2048,1024,8,120,hf_tgi_plugin,True,Llama-2-13b-chat-hf,1
2,<s>[INST] ...,154,  Sure! Ba...,26,1707860670.3704305,1707860670.595552,1707860670.6400898,1707860671.8584538,1488.023281097412,225.12149810791016,269.65928077697754,48.73456001281738,,,1000,2048,1024,8,120,hf_tgi_plugin,True,Llama-2-13b-chat-hf,1
2,<s>[INST] ...,194,"  Sure, I'...",284,1707860671.8586996,1707860672.056697,1707860672.1138291,1707860687.435445,15576.745510101318,197.9973316192627,255.12957572937012,54.13998563382314,,,1000,2048,1024,8,120,hf_tgi_plugin,True,Llama-2-13b-chat-hf,1
2,<s>[INST] ...,61,"  Ah, a qu...",513,1707860687.435874,1707860687.5853639,1707860687.6276505,1707860710.051651,22615.777015686035,149.4898796081543,191.77651405334473,43.79687597975135,,,1000,2048,1024,8,120,hf_tgi_plugin,True,Llama-2-13b-chat-hf,1
2,<s>[INST] ...,227,  Based on...,5,1707860710.0520725,1707860710.2459855,1707860710.290402,1707860710.4227033,370.63074111938477,193.91298294067383,238.32941055297852,33.07533264160156,,,1000,2048,1024,8,120,hf_tgi_plugin,True,Llama-2-13b-chat-hf,1
2,<s>[INST] ...,132,"  Sure, I'...",217,1707860710.422928,1707860710.6129675,1707860710.6559963,1707860719.9761052,9553.177118301392,190.03939628601074,233.06822776794434,43.14865227098818,,,1000,2048,1024,8,120,hf_tgi_plugin,True,Llama-2-13b-chat-hf,1
2,<s>[INST] ...,57,  OH MY OH...,337,1707860719.976332,1707860720.1339972,1707860720.182204,1707860734.6144586,14638.126611709595,157.66525268554688,205.8720588684082,42.95313855012258,,,1000,2048,1024,8,120,hf_tgi_plugin,True,Llama-2-13b-chat-hf,1
2,<s>[INST] ...,77,"  Sure, I'...",592,1707860734.6148255,1707860734.7971506,1707860734.8571787,1707860762.1362674,27521.44193649292,182.3251247406006,242.3532009124756,46.157510550897534,,,1000,2048,1024,8,120,hf_tgi_plugin,True,Llama-2-13b-chat-hf,1
3,<s>[INST] ...,54,"  ""An Even...",454,1707860631.7082596,1707860631.870736,1707860631.9138014,1707860651.5524557,19844.1960811615,162.4763011932373,205.54184913635254,43.352437598289505,,,1000,2048,1024,8,120,hf_tgi_plugin,True,Llama-2-13b-chat-hf,1
3,<s>[INST] ...,61,  Certainl...,304,1707860651.5528803,1707860651.7136166,1707860651.7721612,1707860667.2333786,15680.498361587524,160.7363224029541,219.28095817565918,51.027120143273486,,,1000,2048,1024,8,120,hf_tgi_plugin,True,Llama-2-13b-chat-hf,1
3,<s>[INST] ...,68,"  Sure, I'...",70,1707860667.2337408,1707860667.4364078,1707860667.4915152,1707860670.965673,3731.9321632385254,202.6669979095459,257.77435302734375,50.3501131914664,,,1000,2048,1024,8,120,hf_tgi_plugin,True,Llama-2-13b-chat-hf,1
3,<s>[INST] ...,63,"  Ooh, you...",57,1707860670.965903,1707860671.140134,1707860671.1954017,1707860673.6224868,2656.583786010742,174.23105239868164,229.49862480163574,43.34080645016262,,,1000,2048,1024,8,120,hf_tgi_plugin,True,Llama-2-13b-chat-hf,1
3,<s>[INST] ...,142,"  Sure, I'...",60,1707860673.6227353,1707860673.8190532,1707860673.861914,1707860676.369471,2746.7358112335205,196.3179111480713,239.17865753173828,42.50096870680987,,,1000,2048,1024,8,120,hf_tgi_plugin,True,Llama-2-13b-chat-hf,1
3,<s>[INST] ...,147,"  No, the ...",124,1707860676.3696985,1707860676.5610764,1707860676.6038404,1707860681.8548515,5485.152959823608,191.3778781890869,234.14182662963867,42.69114742434122,,,1000,2048,1024,8,120,hf_tgi_plugin,True,Llama-2-13b-chat-hf,1
3,<s>[INST] ...,68,"  Sure, I'...",472,1707860681.855077,1707860682.0575647,1707860682.1216557,1707860706.786206,24931.128978729248,202.48770713806152,266.57867431640625,52.36634884164085,,,1000,2048,1024,8,120,hf_tgi_plugin,True,Llama-2-13b-chat-hf,1
3,<s>[INST] ...,180,  Certainl...,407,1707860706.7866316,1707860706.9814718,1707860707.0243294,1707860727.1382575,20351.62591934204,194.8401927947998,237.69783973693848,49.54169477735247,,,1000,2048,1024,8,120,hf_tgi_plugin,True,Llama-2-13b-chat-hf,1
3,<s>[INST] ...,61,"  Ooh, tha...",68,1707860727.138676,1707860727.3162823,1707860727.3722265,1707860730.7911255,3652.449607849121,177.60634422302246,233.5505485534668,51.02834416859186,,,1000,2048,1024,8,120,hf_tgi_plugin,True,Llama-2-13b-chat-hf,1
3,<s>[INST] ...,85,"  Sure, I'...",195,1707860730.7913592,1707860730.9834304,1707860731.0426934,1707860740.5385592,9747.200012207031,192.07119941711426,251.33419036865234,48.947761968239064,,,1000,2048,1024,8,120,hf_tgi_plugin,True,Llama-2-13b-chat-hf,1
3,<s>[INST] ...,109,  As an AI...,152,1707860740.538798,1707860740.7523544,1707860740.809272,1707860748.7616394,8222.841262817383,213.55628967285156,270.4739570617676,52.66468414407692,,,1000,2048,1024,8,120,hf_tgi_plugin,True,Llama-2-13b-chat-hf,1
3,<s>[INST] ...,226,  Based on...,10,1707860748.761871,1707860748.9512343,1707860748.9953213,1707860749.3389986,577.1274566650391,189.3632411956787,233.45017433166504,38.18636470370822,,,1000,2048,1024,8,120,hf_tgi_plugin,True,Llama-2-13b-chat-hf,1
3,<s>[INST] ...,248,  Sure! He...,54,1707860749.3392637,1707860749.5360081,1707860749.5962934,1707860752.3897367,3050.4729747772217,196.74444198608398,257.02977180480957,52.70647552778136,,,1000,2048,1024,8,120,hf_tgi_plugin,True,Llama-2-13b-chat-hf,1
4,<s>[INST] ...,132,"  Ooh, let...",110,1707860631.7323465,1707860631.9302382,1707860632.1428416,1707860637.8988607,6166.514158248901,197.8917121887207,410.4950428009033,52.80751482062384,,,1000,2048,1024,8,120,hf_tgi_plugin,True,Llama-2-13b-chat-hf,1
4,<s>[INST] ...,107,"  Ooh, you...",37,1707860637.8991323,1707860638.0990553,1707860638.1590874,1707860639.9136555,2014.5232677459717,199.92303848266602,259.95516777038574,48.73800277709961,,,1000,2048,1024,8,120,hf_tgi_plugin,True,Llama-2-13b-chat-hf,1
4,<s>[INST] ...,118,  Hello! I...,493,1707860639.9138834,1707860640.1069908,1707860640.1658053,1707860662.071603,22157.719612121582,193.10736656188965,251.9218921661377,44.523979105600496,,,1000,2048,1024,8,120,hf_tgi_plugin,True,Llama-2-13b-chat-hf,1
4,<s>[INST] ...,106,  As an AI...,241,1707860662.0720348,1707860662.2495737,1707860662.29207,1707860672.6159675,10543.932676315308,177.53887176513672,220.03507614135742,43.01624000072479,,,1000,2048,1024,8,120,hf_tgi_plugin,True,Llama-2-13b-chat-hf,1
4,<s>[INST] ...,85,  Hey ther...,335,1707860672.6164207,1707860672.7955558,1707860672.8385189,1707860687.2455626,14629.141807556152,179.13508415222168,222.09811210632324,43.13486136362224,,,1000,2048,1024,8,120,hf_tgi_plugin,True,Llama-2-13b-chat-hf,1
4,<s>[INST] ...,222,  The prod...,113,1707860687.2459755,1707860687.468471,1707860687.5270472,1707860693.272787,6026.811599731445,222.49555587768555,281.07166290283203,51.30124943596976,,,1000,2048,1024,8,120,hf_tgi_plugin,True,Llama-2-13b-chat-hf,1
4,<s>[INST] ...,132,"  Sure, I'...",346,1707860693.2730007,1707860693.4854167,1707860693.5412412,1707860710.999726,17726.725339889526,212.4159336090088,268.24045181274414,50.60430402341096,,,1000,2048,1024,8,120,hf_tgi_plugin,True,Llama-2-13b-chat-hf,1
4,<s>[INST] ...,118,"  Sure, I'...",219,1707860711.0001955,1707860711.1714172,1707860711.2142315,1707860720.5721977,9572.002172470093,171.22173309326172,214.0359878540039,42.926450388147195,,,1000,2048,1024,8,120,hf_tgi_plugin,True,Llama-2-13b-chat-hf,1
4,<s>[INST] ...,54,  Ooh ooh!...,296,1707860720.5724196,1707860720.7258198,1707860720.7683258,1707860733.3996427,12827.223062515259,153.40018272399902,195.9061622619629,42.81802339068914,,,1000,2048,1024,8,120,hf_tgi_plugin,True,Llama-2-13b-chat-hf,1
4,<s>[INST] ...,86,"  Sure, I'...",462,1707860733.4000556,1707860733.5795777,1707860733.635276,1707860755.0014338,21601.378202438354,179.52203750610352,235.22043228149414,46.34741381812768,,,1000,2048,1024,8,120,hf_tgi_plugin,True,Llama-2-13b-chat-hf,1
5,<s>[INST] ...,107,  Sure! Ba...,216,1707860631.7030976,1707860631.8784037,1707860631.9216006,1707860641.4347124,9731.614828109741,175.3060817718506,218.50299835205078,44.24703176631484,,,1000,2048,1024,8,120,hf_tgi_plugin,True,Llama-2-13b-chat-hf,1
5,<s>[INST] ...,213,"  Sure, I'...",246,1707860641.4349508,1707860641.6673074,1707860641.7271962,1707860654.6819558,13247.004985809326,232.35654830932617,292.24538803100586,52.87656978685029,,,1000,2048,1024,8,120,hf_tgi_plugin,True,Llama-2-13b-chat-hf,1
5,<s>[INST] ...,202,  I cannot...,159,1707860654.6822085,1707860654.8878736,1707860654.946458,1707860662.6696603,7987.451791763306,205.66511154174805,264.2495632171631,48.88102676295027,,,1000,2048,1024,8,120,hf_tgi_plugin,True,Llama-2-13b-chat-hf,1
5,<s>[INST] ...,254,"  Sure, I'...",378,1707860662.6698925,1707860662.8660762,1707860662.9107802,1707860682.7623098,20092.417240142822,196.1836814880371,240.88764190673828,52.65657718365009,,,1000,2048,1024,8,120,hf_tgi_plugin,True,Llama-2-13b-chat-hf,1
5,<s>[INST] ...,193,"  Sure, I'...",93,1707860682.7627184,1707860682.951341,1707860682.9946437,1707860686.9040082,4141.289710998535,188.62247467041016,231.92524909973145,42.49309197716091,,,1000,2048,1024,8,120,hf_tgi_plugin,True,Llama-2-13b-chat-hf,1
5,<s>[INST] ...,133,"  Sure, I'...",209,1707860686.9042814,1707860687.099404,1707860687.1413455,1707860697.2002406,10295.95923423767,195.12271881103516,237.06412315368652,48.36007264944223,,,1000,2048,1024,8,120,hf_tgi_plugin,True,Llama-2-13b-chat-hf,1
5,<s>[INST] ...,249,"  Sure, I'...",301,1707860697.2006857,1707860697.3927913,1707860697.4364128,1707860712.1491728,14948.487043380737,192.10553169250488,235.72707176208496,49.04253323872884,,,1000,2048,1024,8,120,hf_tgi_plugin,True,Llama-2-13b-chat-hf,1
5,<s>[INST] ...,107,"  Sure, I'...",529,1707860712.1495914,1707860712.324476,1707860712.3669505,1707860736.6678321,24518.240690231323,174.88455772399902,217.35906600952148,46.024397015571594,,,1000,2048,1024,8,120,hf_tgi_plugin,True,Llama-2-13b-chat-hf,1
5,<s>[INST] ...,239,  Based on...,348,1707860736.6682985,1707860736.8614712,1707860736.9054878,1707860754.2627223,17594.42377090454,193.17269325256348,237.18929290771484,50.0208486397603,,,1000,2048,1024,8,120,hf_tgi_plugin,True,Llama-2-13b-chat-hf,1
6,<s>[INST] ...,132,"  Sure, I'...",173,1707860631.730795,1707860632.087537,1707860632.1434667,1707860641.1656032,9434.808254241943,356.74214363098145,412.6718044281006,52.4542816849642,,,1000,2048,1024,8,120,hf_tgi_plugin,True,Llama-2-13b-chat-hf,1
6,<s>[INST] ...,131,  The corr...,414,1707860641.1658363,1707860641.3707616,1707860641.430795,1707860663.6225214,22456.685066223145,204.9252986907959,264.95862007141113,53.73299381634802,,,1000,2048,1024,8,120,hf_tgi_plugin,True,Llama-2-13b-chat-hf,1
6,<s>[INST] ...,197,  The Ital...,639,1707860663.622985,1707860663.8143268,1707860663.8806605,1707860695.693735,32070.74999809265,191.34187698364258,257.6756477355957,49.86375290024617,,,1000,2048,1024,8,120,hf_tgi_plugin,True,Llama-2-13b-chat-hf,1
6,<s>[INST] ...,97,  Sure! He...,189,1707860695.6941962,1707860695.9165637,1707860695.9802127,1707860705.8061104,10111.914157867432,222.367525100708,286.01646423339844,52.26541326401082,,,1000,2048,1024,8,120,hf_tgi_plugin,True,Llama-2-13b-chat-hf,1
6,<s>[INST] ...,228,  The sent...,98,1707860705.80636,1707860706.0323634,1707860706.0950704,1707860710.5826619,4776.301860809326,226.00340843200684,288.710355758667,46.26382994897587,,,1000,2048,1024,8,120,hf_tgi_plugin,True,Llama-2-13b-chat-hf,1
6,<s>[INST] ...,61,"  Ah, the ...",521,1707860710.5828967,1707860710.7402947,1707860710.783833,1707860733.4369729,22854.076147079468,157.39798545837402,200.93631744384766,43.563730441606964,,,1000,2048,1024,8,120,hf_tgi_plugin,True,Llama-2-13b-chat-hf,1
6,<s>[INST] ...,200,  Based on...,243,1707860733.437426,1707860733.6287801,1707860733.6721559,1707860744.225651,10788.224935531616,191.35403633117676,234.72976684570312,43.60948416812361,,,1000,2048,1024,8,120,hf_tgi_plugin,True,Llama-2-13b-chat-hf,1
6,<s>[INST] ...,70,  I apolog...,127,1707860744.2258697,1707860744.4010258,1707860744.4433029,1707860749.756309,5530.439376831055,175.1561164855957,217.43321418762207,42.16671557653518,,,1000,2048,1024,8,120,hf_tgi_plugin,True,Llama-2-13b-chat-hf,1
6,<s>[INST] ...,76,"  Ah, the ...",680,1707860749.7565362,1707860749.9670498,1707860750.0239305,1707860783.975706,34219.1698551178,210.51359176635742,267.3943042755127,50.002614949694085,,,1000,2048,1024,8,120,hf_tgi_plugin,True,Llama-2-13b-chat-hf,1
7,<s>[INST] ...,59,"  Sure, I ...",39,1707860631.7256398,1707860631.8907917,1707860631.9340143,1707860633.4848976,1759.2577934265137,165.15183448791504,208.3745002746582,40.8127182408383,,,1000,2048,1024,8,120,hf_tgi_plugin,True,Llama-2-13b-chat-hf,1
7,<s>[INST] ...,71,  The ques...,17,1707860633.4851465,1707860633.6773,1707860633.735498,1707860634.5340397,1048.8932132720947,192.1534538269043,250.3514289855957,49.90886151790619,,,1000,2048,1024,8,120,hf_tgi_plugin,True,Llama-2-13b-chat-hf,1
7,<s>[INST] ...,214,  Based on...,670,1707860634.534306,1707860634.7299192,1707860634.7742085,1707860665.3956134,30861.307382583618,195.61314582824707,239.90249633789062,45.77190565956013,,,1000,2048,1024,8,120,hf_tgi_plugin,True,Llama-2-13b-chat-hf,1
7,<s>[INST] ...,95,"  Sure, I'...",467,1707860665.396045,1707860665.589032,1707860665.647786,1707860690.7630734,25367.02847480774,192.98696517944336,251.7409324645996,53.895466829062535,,,1000,2048,1024,8,120,hf_tgi_plugin,True,Llama-2-13b-chat-hf,1
7,<s>[INST] ...,55,  As an AI...,659,1707860690.763543,1707860690.9243228,1707860690.967843,1707860722.6750953,31911.55242919922,160.7799530029297,204.3001651763916,48.187313471159314,,,1000,2048,1024,8,120,hf_tgi_plugin,True,Llama-2-13b-chat-hf,1
7,<s>[INST] ...,127,  Title: T...,751,1707860722.675562,1707860722.8530197,1707860722.8965676,1707860757.2125113,34536.94939613342,177.4578094482422,221.00567817687988,45.754591623942055,,,1000,2048,1024,8,120,hf_tgi_plugin,True,Llama-2-13b-chat-hf,1
0,<s>[INST] ...,107,  Sure! Ba...,216,1707860485.0496855,1707860485.2283792,1707860485.2715874,1707860494.4174793,9367.793798446655,178.6937713623047,221.90189361572266,42.53903211549271,,,1000,2048,1024,2,120,hf_tgi_plugin,True,Llama-2-13b-chat-hf,1
0,<s>[INST] ...,145,"  Sure, I'...",170,1707860494.4177155,1707860494.6098223,1707860494.652192,1707860501.8203416,7402.626037597656,192.1067237854004,234.47656631469727,42.41508562889325,,,1000,2048,1024,2,120,hf_tgi_plugin,True,Llama-2-13b-chat-hf,1
0,<s>[INST] ...,59,"  Sure, I ...",39,1707860501.8205729,1707860501.9794688,1707860502.022635,1707860503.605753,1785.1800918579102,158.89596939086914,202.06212997436523,41.66099899693539,,,1000,2048,1024,2,120,hf_tgi_plugin,True,Llama-2-13b-chat-hf,1
0,<s>[INST] ...,132,"  Sure, I'...",173,1707860503.6059835,1707860503.7977889,1707860503.8405154,1707860511.1683948,7562.411308288574,191.80536270141602,234.53187942504883,42.60395016781119,,,1000,2048,1024,2,120,hf_tgi_plugin,True,Llama-2-13b-chat-hf,1
0,<s>[INST] ...,112,"  Sure, I'...",643,1707860511.168629,1707860511.3454103,1707860511.403391,1707860540.1778996,29009.270668029785,176.78141593933105,234.76195335388184,44.820107032205456,,,1000,2048,1024,2,120,hf_tgi_plugin,True,Llama-2-13b-chat-hf,1
0,<s>[INST] ...,145,  Based on...,454,1707860540.1783736,1707860540.3821456,1707860540.4266047,1707860560.2149112,20036.537647247314,203.77206802368164,248.2311725616455,43.68279574985799,,,1000,2048,1024,2,120,hf_tgi_plugin,True,Llama-2-13b-chat-hf,1
0,<s>[INST] ...,118,  Hello! I...,493,1707860560.2153437,1707860560.3934832,1707860560.4374268,1707860581.9860075,21770.663738250732,178.13944816589355,222.08309173583984,43.797928143322956,,,1000,2048,1024,2,120,hf_tgi_plugin,True,Llama-2-13b-chat-hf,1
0,<s>[INST] ...,213,"  Sure, I'...",246,1707860581.9864714,1707860582.1746938,1707860582.2180374,1707860592.8982234,10911.751985549927,188.22240829467773,231.5659523010254,43.59259605407715,,,1000,2048,1024,2,120,hf_tgi_plugin,True,Llama-2-13b-chat-hf,1
0,<s>[INST] ...,202,  I cannot...,159,1707860592.8984556,1707860593.0913668,1707860593.1345546,1707860599.956374,7057.918310165405,192.91114807128906,236.0990047454834,43.17607155329065,,,1000,2048,1024,2,120,hf_tgi_plugin,True,Llama-2-13b-chat-hf,1
0,<s>[INST] ...,151,"  No, the ...",296,1707860599.956811,1707860600.1598737,1707860600.2039,1707860613.0378804,13081.069469451904,203.0627727508545,247.08914756774902,43.50501804028527,,,1000,2048,1024,2,120,hf_tgi_plugin,True,Llama-2-13b-chat-hf,1
1,<s>[INST] ...,101,  Certainl...,95,1707860485.0367422,1707860485.2173514,1707860485.260797,1707860489.2075257,4170.783519744873,180.60922622680664,224.05481338500977,41.98647559957301,,,1000,2048,1024,2,120,hf_tgi_plugin,True,Llama-2-13b-chat-hf,1
1,<s>[INST] ...,54,"  ""An Even...",454,1707860489.2077534,1707860489.3746643,1707860489.423307,1707860509.0088036,19801.050186157227,166.91088676452637,215.55352210998535,43.23509197361422,,,1000,2048,1024,2,120,hf_tgi_plugin,True,Llama-2-13b-chat-hf,1
1,<s>[INST] ...,132,"  Ooh, let...",110,1707860509.0092852,1707860509.208522,1707860509.252702,1707860514.455159,5445.873737335205,199.23686981201172,243.41678619384766,47.72896285450786,,,1000,2048,1024,2,120,hf_tgi_plugin,True,Llama-2-13b-chat-hf,1
1,<s>[INST] ...,71,  The ques...,17,1707860514.455391,1707860514.64365,1707860514.6864212,1707860515.3272512,871.8602657318115,188.25912475585938,231.03022575378418,40.05187749862671,,,1000,2048,1024,2,120,hf_tgi_plugin,True,Llama-2-13b-chat-hf,1
1,<s>[INST] ...,214,  Based on...,670,1707860515.3274822,1707860515.5266964,1707860515.5700045,1707860545.6619627,30334.48052406311,199.21422004699707,242.5222396850586,44.980505656768386,,,1000,2048,1024,2,120,hf_tgi_plugin,True,Llama-2-13b-chat-hf,1
1,<s>[INST] ...,107,"  Ooh, you...",37,1707860545.6624408,1707860545.8434083,1707860545.8872304,1707860547.3632479,1700.8070945739746,180.9675693511963,224.78961944580078,41.00048542022705,,,1000,2048,1024,2,120,hf_tgi_plugin,True,Llama-2-13b-chat-hf,1
1,<s>[INST] ...,167,"  Sure, I'...",482,1707860547.3634772,1707860547.5642035,1707860547.6083221,1707860568.804062,21440.584659576416,200.72627067565918,244.84491348266602,44.0659869981159,,,1000,2048,1024,2,120,hf_tgi_plugin,True,Llama-2-13b-chat-hf,1
1,<s>[INST] ...,131,  The corr...,414,1707860568.8045416,1707860569.000495,1707860569.043041,1707860586.9829266,18178.385019302368,195.953369140625,238.49940299987793,43.43797970049029,,,1000,2048,1024,2,120,hf_tgi_plugin,True,Llama-2-13b-chat-hf,1
1,<s>[INST] ...,61,  Certainl...,304,1707860586.983394,1707860587.1441574,1707860587.1870492,1707860600.1927474,13209.35344696045,160.76350212097168,203.65524291992188,42.92309638297204,,,1000,2048,1024,2,120,hf_tgi_plugin,True,Llama-2-13b-chat-hf,1
1,<s>[INST] ...,106,  As an AI...,241,1707860600.1930008,1707860600.3733532,1707860600.4173832,1707860610.6916823,10498.681545257568,180.35244941711426,224.3824005126953,42.8095797697703,,,1000,2048,1024,2,120,hf_tgi_plugin,True,Llama-2-13b-chat-hf,1
